{"acc": 0.9742588141025641, "_timestamp": 1684029704.2875352, "_runtime": 100.55148911476135, "_step": 29, "_wandb": {"runtime": 99}}