{"acc": 0.8143028846153846, "_timestamp": 1684032024.741684, "_runtime": 238.79454898834229, "_step": 29, "_wandb": {"runtime": 238}}