{"acc": 0.31330128205128205, "_timestamp": 1684033725.3713229, "_runtime": 405.63225388526917, "_step": 29, "_wandb": {"runtime": 403}}