{"acc": 0.8143028846153846, "_timestamp": 1684030201.696804, "_runtime": 237.24211812019348, "_step": 29, "_wandb": {"runtime": 236}}