{"acc": 0.44591346153846156, "_timestamp": 1684037864.527971, "_runtime": 1549.4588971138, "_step": 258, "_wandb": {"runtime": 1553}}