{"acc": 0.31330128205128205, "_timestamp": 1684028006.818493, "_runtime": 416.28007888793945, "_step": 29, "_wandb": {"runtime": 415}}