{"acc": 0.3837139423076923, "_timestamp": 1683934723.288841, "_runtime": 1030.761400938034, "_step": 5}