{"acc": 0.44080528846153844, "_timestamp": 1683936556.2315872, "_runtime": 2863.7041471004486, "_step": 29, "_wandb": {"runtime": 2863}}