{"acc": 0.3915264423076923, "_timestamp": 1684033200.580694, "_runtime": 156.00957894325256, "_step": 29, "_wandb": {"runtime": 155}}