{"acc": 0.44080528846153844, "_timestamp": 1684034956.040642, "_runtime": 1213.1062030792236, "_step": 29, "_wandb": {"runtime": 1212}}