{"acc": 0.15925480769230768, "_timestamp": 1684029127.090037, "_runtime": 57.704214096069336, "_step": 90, "_wandb": {"runtime": 57}}