{"acc": 0.9742588141025641, "_timestamp": 1684032682.590535, "_runtime": 85.78810691833496, "_step": 29, "_wandb": {"runtime": 85}}