{"acc": 0.9845753205128205, "_timestamp": 1684031342.019706, "_runtime": 658.6280000209808, "_step": 29, "_wandb": {"runtime": 657}}