{"acc": 0.9845753205128205, "_timestamp": 1683930959.5359402, "_runtime": 728.9052040576935, "_step": 29, "_wandb": {"runtime": 728}}