{"acc": 131.75, "_timestamp": 1683926936.827015, "_runtime": 555.5715208053589, "_step": 2, "_wandb": {"runtime": 604}}