{"acc": 0.3915264423076923, "_timestamp": 1684029372.394148, "_runtime": 177.39728617668152, "_step": 29, "_wandb": {"runtime": 175}}