{"acc": 0.7922676282051282, "_timestamp": 1683929193.1649249, "_runtime": 1644.9889209270477, "_step": 9, "_wandb": {"runtime": 1644}}